Setpoint,Input,Output,CurrentError,previousSignal,previousError
4000.00,37.00,4001.00,3963.00,7926.00,3963.00
4000.00,1763.00,4000.00,2237.00,-7415.00,2237.00
4000.00,1775.00,3999.00,2225.00,-14150.00,2225.00
4000.00,1787.00,3998.00,2213.00,-20849.00,2213.00
4000.00,1758.00,3997.00,2242.00,-27430.00,2242.00
4000.00,1772.00,3996.00,2228.00,-34184.00,2228.00
4000.00,1820.00,3995.00,2180.00,-40964.00,2180.00
4000.00,1827.00,3994.00,2173.00,-47518.00,2173.00
4000.00,1834.00,3993.00,2166.00,-54051.00,2166.00
4000.00,1836.00,3992.00,2164.00,-60553.00,2164.00
4000.00,1872.00,3991.00,2128.00,-67117.00,2128.00
4000.00,1880.00,3990.00,2120.00,-73517.00,2120.00
4000.00,1844.00,3989.00,2156.00,-79805.00,2156.00
4000.00,1846.00,3988.00,2154.00,-86277.00,2154.00
4000.00,1849.00,3987.00,2151.00,-92745.00,2151.00
4000.00,1849.00,3986.00,2151.00,-99198.00,2151.00
4000.00,1849.00,3985.00,2151.00,-105651.00,2151.00
4000.00,1854.00,3984.00,2146.00,-112114.00,2146.00
4000.00,1848.00,3983.00,2152.00,-118540.00,2152.00
4000.00,1850.00,3982.00,2150.00,-125000.00,2150.00
4000.00,1851.00,3981.00,2149.00,-131452.00,2149.00
4000.00,1851.00,3980.00,2149.00,-137899.00,2149.00
4000.00,1852.00,3979.00,2148.00,-144348.00,2148.00
4000.00,1852.00,3978.00,2148.00,-150792.00,2148.00
4000.00,1852.00,3977.00,2148.00,-157236.00,2148.00
4000.00,1893.00,3976.00,2107.00,-163762.00,2107.00
4000.00,1893.00,3975.00,2107.00,-170083.00,2107.00
4000.00,1853.00,3974.00,2147.00,-176324.00,2147.00
4000.00,1853.00,3973.00,2147.00,-182765.00,2147.00
4000.00,1853.00,3972.00,2147.00,-189206.00,2147.00
4000.00,1854.00,3971.00,2146.00,-195649.00,2146.00
4000.00,1854.00,3970.00,2146.00,-202087.00,2146.00
4000.00,1856.00,3969.00,2144.00,-208529.00,2144.00
4000.00,1853.00,3968.00,2147.00,-214955.00,2147.00
4000.00,1851.00,3967.00,2149.00,-221392.00,2149.00
4000.00,1853.00,3966.00,2147.00,-227843.00,2147.00
4000.00,1854.00,3965.00,2146.00,-234286.00,2146.00
4000.00,1854.00,3964.00,2146.00,-240724.00,2146.00
4000.00,1853.00,3963.00,2147.00,-247160.00,2147.00
4000.00,1851.00,3962.00,2149.00,-253597.00,2149.00
4000.00,1854.00,3961.00,2146.00,-260050.00,2146.00
4000.00,1855.00,3960.00,2145.00,-266490.00,2145.00
4000.00,1852.00,3959.00,2148.00,-272919.00,2148.00
4000.00,1809.00,3958.00,2191.00,-279277.00,2191.00
4000.00,1854.00,3957.00,2146.00,-285940.00,2146.00
4000.00,1853.00,3956.00,2147.00,-292376.00,2147.00
4000.00,1854.00,3955.00,2146.00,-298819.00,2146.00
4000.00,1852.00,3954.00,2148.00,-305253.00,2148.00
4000.00,1854.00,3953.00,2146.00,-311701.00,2146.00
4000.00,1852.00,3952.00,2148.00,-318135.00,2148.00
4000.00,1852.00,3951.00,2148.00,-324579.00,2148.00
4000.00,1853.00,3950.00,2147.00,-331025.00,2147.00
4000.00,1850.00,3949.00,2150.00,-337460.00,2150.00
4000.00,1894.00,3948.00,2106.00,-343998.00,2106.00
4000.00,1850.00,3947.00,2150.00,-350228.00,2150.00
4000.00,1851.00,3946.00,2149.00,-356680.00,2149.00
4000.00,1855.00,3945.00,2145.00,-363135.00,2145.00
4000.00,1852.00,3944.00,2148.00,-369564.00,2148.00
4000.00,1850.00,3943.00,2150.00,-376004.00,2150.00
4000.00,1850.00,3942.00,2150.00,-382454.00,2150.00
4000.00,1893.00,3941.00,2107.00,-388990.00,2107.00
4000.00,1850.00,3940.00,2150.00,-395225.00,2150.00
4000.00,1853.00,3939.00,2147.00,-401681.00,2147.00
4000.00,1852.00,3938.00,2148.00,-408120.00,2148.00
4000.00,1852.00,3937.00,2148.00,-414564.00,2148.00
4000.00,1852.00,3936.00,2148.00,-421008.00,2148.00
4000.00,1893.00,3935.00,2107.00,-427534.00,2107.00
4000.00,1850.00,3934.00,2150.00,-433769.00,2150.00
4000.00,1853.00,3933.00,2147.00,-440225.00,2147.00
4000.00,1852.00,3932.00,2148.00,-446664.00,2148.00
4000.00,1852.00,3931.00,2148.00,-453108.00,2148.00
4000.00,1852.00,3930.00,2148.00,-459552.00,2148.00
4000.00,1852.00,3929.00,2148.00,-465996.00,2148.00
4000.00,1852.00,3928.00,2148.00,-472440.00,2148.00
4000.00,1853.00,3927.00,2147.00,-478886.00,2147.00
4000.00,1852.00,3926.00,2148.00,-485325.00,2148.00
4000.00,1853.00,3925.00,2147.00,-491771.00,2147.00
4000.00,1853.00,3924.00,2147.00,-498212.00,2147.00
4000.00,1854.00,3923.00,2146.00,-504655.00,2146.00
4000.00,1852.00,3922.00,2148.00,-511089.00,2148.00
4000.00,1853.00,3921.00,2147.00,-517535.00,2147.00
4000.00,1853.00,3920.00,2147.00,-523976.00,2147.00
4000.00,1854.00,3919.00,2146.00,-530419.00,2146.00
4000.00,1851.00,3918.00,2149.00,-536851.00,2149.00
4000.00,1853.00,3917.00,2147.00,-543302.00,2147.00
4000.00,1808.00,3916.00,2192.00,-549653.00,2192.00
4000.00,1809.00,3915.00,2191.00,-556231.00,2191.00
4000.00,1851.00,3914.00,2149.00,-562888.00,2149.00
4000.00,1850.00,3913.00,2150.00,-569333.00,2150.00
4000.00,1849.00,3912.00,2151.00,-575781.00,2151.00
4000.00,1851.00,3911.00,2149.00,-582238.00,2149.00
4000.00,1849.00,3910.00,2151.00,-588681.00,2151.00
4000.00,1851.00,3909.00,2149.00,-595138.00,2149.00
4000.00,1849.00,3908.00,2151.00,-601581.00,2151.00
4000.00,1849.00,3907.00,2151.00,-608034.00,2151.00
4000.00,1850.00,3906.00,2150.00,-614489.00,2150.00
4000.00,1850.00,3905.00,2150.00,-620939.00,2150.00
4000.00,1852.00,3904.00,2148.00,-627393.00,2148.00
4000.00,1852.00,3903.00,2148.00,-633837.00,2148.00
4000.00,1850.00,3902.00,2150.00,-640277.00,2150.00
4000.00,1849.00,3901.00,2151.00,-646725.00,2151.00
4000.00,1850.00,3900.00,2150.00,-653180.00,2150.00
4000.00,1846.00,3899.00,2154.00,-659622.00,2154.00
4000.00,1847.00,3898.00,2153.00,-666086.00,2153.00
4000.00,1848.00,3897.00,2152.00,-672547.00,2152.00
4000.00,1848.00,3896.00,2152.00,-679003.00,2152.00
4000.00,1849.00,3895.00,2151.00,-685461.00,2151.00
4000.00,1846.00,3894.00,2154.00,-691908.00,2154.00
4000.00,1846.00,3893.00,2154.00,-698370.00,2154.00
4000.00,1844.00,3892.00,2156.00,-704828.00,2156.00
4000.00,1846.00,3891.00,2154.00,-711300.00,2154.00
4000.00,1844.00,3890.00,2156.00,-717758.00,2156.00
4000.00,1845.00,3889.00,2155.00,-724228.00,2155.00
4000.00,1844.00,3888.00,2156.00,-730691.00,2156.00
4000.00,1843.00,3887.00,2157.00,-737157.00,2157.00
4000.00,1844.00,3886.00,2156.00,-743630.00,2156.00
4000.00,1844.00,3885.00,2156.00,-750098.00,2156.00
4000.00,1844.00,3884.00,2156.00,-756566.00,2156.00
4000.00,1843.00,3883.00,2157.00,-763032.00,2157.00
4000.00,1842.00,3882.00,2158.00,-769501.00,2158.00
4000.00,1842.00,3881.00,2158.00,-775975.00,2158.00
4000.00,1841.00,3880.00,2159.00,-782447.00,2159.00
4000.00,1842.00,3879.00,2158.00,-788926.00,2158.00
4000.00,1843.00,3878.00,2157.00,-795402.00,2157.00
4000.00,1843.00,3877.00,2157.00,-801873.00,2157.00
4000.00,1843.00,3876.00,2157.00,-808344.00,2157.00
4000.00,1842.00,3875.00,2158.00,-814813.00,2158.00
4000.00,1841.00,3874.00,2159.00,-821285.00,2159.00
4000.00,1845.00,3873.00,2155.00,-827770.00,2155.00
4000.00,1844.00,3872.00,2156.00,-834233.00,2156.00
4000.00,1800.00,3871.00,2200.00,-840613.00,2200.00
4000.00,1843.00,3870.00,2157.00,-847299.00,2157.00
4000.00,1841.00,3869.00,2159.00,-853766.00,2159.00
4000.00,1842.00,3868.00,2158.00,-860245.00,2158.00
4000.00,1843.00,3867.00,2157.00,-866721.00,2157.00
4000.00,1843.00,3866.00,2157.00,-873192.00,2157.00
4000.00,1842.00,3865.00,2158.00,-879661.00,2158.00
4000.00,1843.00,3864.00,2157.00,-886137.00,2157.00
4000.00,1840.00,3863.00,2160.00,-892602.00,2160.00
4000.00,1842.00,3862.00,2158.00,-899086.00,2158.00
4000.00,1842.00,3861.00,2158.00,-905560.00,2158.00
4000.00,1842.00,3860.00,2158.00,-912034.00,2158.00
4000.00,1842.00,3859.00,2158.00,-918508.00,2158.00
4000.00,1843.00,3858.00,2157.00,-924984.00,2157.00
4000.00,1844.00,3857.00,2156.00,-931457.00,2156.00
4000.00,1843.00,3856.00,2157.00,-937923.00,2157.00
4000.00,1844.00,3855.00,2156.00,-944396.00,2156.00
4000.00,1842.00,3854.00,2158.00,-950860.00,2158.00
4000.00,1882.00,3853.00,2118.00,-957414.00,2118.00
4000.00,1841.00,3852.00,2159.00,-963686.00,2159.00
4000.00,1838.00,3851.00,2162.00,-970157.00,2162.00
4000.00,1836.00,3850.00,2164.00,-976639.00,2164.00
4000.00,1836.00,3849.00,2164.00,-983131.00,2164.00
4000.00,1830.00,3848.00,2170.00,-989611.00,2170.00
4000.00,1825.00,3847.00,2175.00,-996111.00,2175.00
4000.00,1850.00,3846.00,2150.00,-1002686.00,2150.00
4000.00,1845.00,3845.00,2155.00,-1009126.00,2155.00
4000.00,1844.00,3844.00,2156.00,-1015589.00,2156.00
4000.00,1843.00,3843.00,2157.00,-1022055.00,2157.00
4000.00,1837.00,3842.00,2163.00,-1028514.00,2163.00
4000.00,1838.00,3841.00,2162.00,-1035005.00,2162.00
4000.00,1829.00,3840.00,2171.00,-1041473.00,2171.00
4000.00,1828.00,3839.00,2172.00,-1047984.00,2172.00
4000.00,1823.00,3838.00,2177.00,-1054490.00,2177.00
4000.00,1822.00,3837.00,2178.00,-1061019.00,2178.00
4000.00,1821.00,3836.00,2179.00,-1067551.00,2179.00
4000.00,1818.00,3835.00,2182.00,-1074082.00,2182.00
4000.00,1818.00,3834.00,2182.00,-1080628.00,2182.00
4000.00,1856.00,3833.00,2144.00,-1087250.00,2144.00
4000.00,1815.00,3832.00,2185.00,-1093600.00,2185.00
4000.00,1811.00,3831.00,2189.00,-1100147.00,2189.00
4000.00,1848.00,3830.00,2152.00,-1106788.00,2152.00
4000.00,1847.00,3829.00,2153.00,-1113242.00,2153.00
4000.00,1809.00,3828.00,2191.00,-1119625.00,2191.00
4000.00,1809.00,3827.00,2191.00,-1126198.00,2191.00
4000.00,1805.00,3826.00,2195.00,-1132763.00,2195.00
4000.00,1846.00,3825.00,2154.00,-1139430.00,2154.00
4000.00,1840.00,3824.00,2160.00,-1145880.00,2160.00
4000.00,1839.00,3823.00,2161.00,-1152358.00,2161.00
4000.00,1836.00,3822.00,2164.00,-1158835.00,2164.00
4000.00,1833.00,3821.00,2167.00,-1165321.00,2167.00
4000.00,1793.00,3820.00,2207.00,-1171742.00,2207.00
4000.00,1792.00,3819.00,2208.00,-1178361.00,2208.00
4000.00,1832.00,3818.00,2168.00,-1185065.00,2168.00
4000.00,1832.00,3817.00,2168.00,-1191569.00,2168.00
4000.00,1832.00,3816.00,2168.00,-1198073.00,2168.00
4000.00,1833.00,3815.00,2167.00,-1204579.00,2167.00
4000.00,1834.00,3814.00,2166.00,-1211082.00,2166.00
4000.00,1796.00,3813.00,2204.00,-1217504.00,2204.00
4000.00,1796.00,3812.00,2204.00,-1224116.00,2204.00
4000.00,1835.00,3811.00,2165.00,-1230806.00,2165.00
4000.00,1837.00,3810.00,2163.00,-1237305.00,2163.00
4000.00,1799.00,3809.00,2201.00,-1243718.00,2201.00
4000.00,1798.00,3808.00,2202.00,-1250319.00,2202.00
4000.00,1837.00,3807.00,2163.00,-1257003.00,2163.00
4000.00,1835.00,3806.00,2165.00,-1263488.00,2165.00
4000.00,1834.00,3805.00,2166.00,-1269981.00,2166.00
4000.00,1794.00,3804.00,2206.00,-1276399.00,2206.00
4000.00,1831.00,3803.00,2169.00,-1283091.00,2169.00
4000.00,1832.00,3802.00,2168.00,-1289600.00,2168.00
4000.00,1833.00,3801.00,2167.00,-1296106.00,2167.00
4000.00,1832.00,3800.00,2168.00,-1302605.00,2168.00
4000.00,1832.00,3799.00,2168.00,-1309109.00,2168.00
4000.00,1832.00,3798.00,2168.00,-1315613.00,2168.00
4000.00,1829.00,3797.00,2171.00,-1322111.00,2171.00
4000.00,1831.00,3796.00,2169.00,-1328628.00,2169.00
4000.00,1830.00,3795.00,2170.00,-1335133.00,2170.00
4000.00,1829.00,3794.00,2171.00,-1341641.00,2171.00
4000.00,1829.00,3793.00,2171.00,-1348154.00,2171.00
4000.00,1829.00,3792.00,2171.00,-1354667.00,2171.00
4000.00,1829.00,3791.00,2171.00,-1361180.00,2171.00
4000.00,1789.00,3790.00,2211.00,-1367613.00,2211.00
4000.00,1829.00,3789.00,2171.00,-1374326.00,2171.00
4000.00,1827.00,3788.00,2173.00,-1380835.00,2173.00
4000.00,1827.00,3787.00,2173.00,-1387354.00,2173.00
4000.00,1827.00,3786.00,2173.00,-1393873.00,2173.00
4000.00,1827.00,3785.00,2173.00,-1400392.00,2173.00
4000.00,1825.00,3784.00,2175.00,-1406907.00,2175.00
4000.00,1786.00,3783.00,2214.00,-1413354.00,2214.00
4000.00,1824.00,3782.00,2176.00,-1420072.00,2176.00
4000.00,1823.00,3781.00,2177.00,-1426598.00,2177.00
4000.00,1821.00,3780.00,2179.00,-1433125.00,2179.00
4000.00,1822.00,3779.00,2178.00,-1439664.00,2178.00
4000.00,1823.00,3778.00,2177.00,-1446200.00,2177.00
4000.00,1821.00,3777.00,2179.00,-1452727.00,2179.00
4000.00,1823.00,3776.00,2177.00,-1459268.00,2177.00
4000.00,1823.00,3775.00,2177.00,-1465799.00,2177.00
4000.00,1822.00,3774.00,2178.00,-1472328.00,2178.00
4000.00,1822.00,3773.00,2178.00,-1478862.00,2178.00
4000.00,1824.00,3772.00,2176.00,-1485400.00,2176.00
4000.00,1820.00,3771.00,2180.00,-1491920.00,2180.00
4000.00,1819.00,3770.00,2181.00,-1498458.00,2181.00
4000.00,1821.00,3769.00,2179.00,-1505005.00,2179.00
4000.00,1820.00,3768.00,2180.00,-1511540.00,2180.00
4000.00,1821.00,3767.00,2179.00,-1518082.00,2179.00
4000.00,1821.00,3766.00,2179.00,-1524619.00,2179.00
4000.00,1818.00,3765.00,2182.00,-1531150.00,2182.00
4000.00,1814.00,3764.00,2186.00,-1537688.00,2186.00
4000.00,1821.00,3763.00,2179.00,-1544260.00,2179.00
4000.00,1819.00,3762.00,2181.00,-1550793.00,2181.00
4000.00,1818.00,3761.00,2182.00,-1557334.00,2182.00
4000.00,1820.00,3760.00,2180.00,-1563884.00,2180.00
4000.00,1820.00,3759.00,2180.00,-1570424.00,2180.00
4000.00,1818.00,3758.00,2182.00,-1576960.00,2182.00
4000.00,1820.00,3757.00,2180.00,-1583510.00,2180.00
4000.00,1821.00,3756.00,2179.00,-1590052.00,2179.00
4000.00,1817.00,3755.00,2183.00,-1596581.00,2183.00
4000.00,1820.00,3754.00,2180.00,-1603136.00,2180.00
4000.00,1816.00,3753.00,2184.00,-1609668.00,2184.00
4000.00,1820.00,3752.00,2180.00,-1616228.00,2180.00
4000.00,1816.00,3751.00,2184.00,-1622760.00,2184.00
4000.00,1818.00,3750.00,2182.00,-1629316.00,2182.00
4000.00,1817.00,3749.00,2183.00,-1635860.00,2183.00
4000.00,1818.00,3748.00,2182.00,-1642411.00,2182.00
4000.00,1817.00,3747.00,2183.00,-1648955.00,2183.00
4000.00,1816.00,3746.00,2184.00,-1655502.00,2184.00
4000.00,1816.00,3745.00,2184.00,-1662054.00,2184.00
4000.00,1812.00,3744.00,2188.00,-1668598.00,2188.00
4000.00,1815.00,3743.00,2185.00,-1675168.00,2185.00
4000.00,1816.00,3742.00,2184.00,-1681725.00,2184.00
4000.00,1813.00,3741.00,2187.00,-1688271.00,2187.00
4000.00,1814.00,3740.00,2186.00,-1694834.00,2186.00
4000.00,1814.00,3739.00,2186.00,-1701392.00,2186.00
4000.00,1775.00,3738.00,2225.00,-1707872.00,2225.00
4000.00,1814.00,3737.00,2186.00,-1714625.00,2186.00
4000.00,1811.00,3736.00,2189.00,-1721177.00,2189.00
4000.00,1810.00,3735.00,2190.00,-1727742.00,2190.00
4000.00,1809.00,3734.00,2191.00,-1734310.00,2191.00
4000.00,1809.00,3733.00,2191.00,-1740883.00,2191.00
4000.00,1810.00,3732.00,2190.00,-1747458.00,2190.00
4000.00,1810.00,3731.00,2190.00,-1754028.00,2190.00
4000.00,1809.00,3730.00,2191.00,-1760596.00,2191.00
4000.00,1808.00,3729.00,2192.00,-1767167.00,2192.00
4000.00,1848.00,3728.00,2152.00,-1773823.00,2152.00
4000.00,1847.00,3727.00,2153.00,-1780277.00,2153.00
4000.00,1807.00,3726.00,2193.00,-1786656.00,2193.00
4000.00,1806.00,3725.00,2194.00,-1793233.00,2194.00
4000.00,1806.00,3724.00,2194.00,-1799815.00,2194.00
4000.00,1806.00,3723.00,2194.00,-1806397.00,2194.00
4000.00,1806.00,3722.00,2194.00,-1812979.00,2194.00
4000.00,1805.00,3721.00,2195.00,-1819559.00,2195.00
4000.00,1849.00,3720.00,2151.00,-1826232.00,2151.00
4000.00,1808.00,3719.00,2192.00,-1832603.00,2192.00
4000.00,1805.00,3718.00,2195.00,-1839173.00,2195.00
4000.00,1807.00,3717.00,2193.00,-1845762.00,2193.00
4000.00,1803.00,3716.00,2197.00,-1852333.00,2197.00
4000.00,1804.00,3715.00,2196.00,-1858926.00,2196.00
4000.00,1803.00,3714.00,2197.00,-1865512.00,2197.00
4000.00,1805.00,3713.00,2195.00,-1872107.00,2195.00
4000.00,1802.00,3712.00,2198.00,-1878686.00,2198.00
4000.00,1803.00,3711.00,2197.00,-1885282.00,2197.00
4000.00,1804.00,3710.00,2196.00,-1891875.00,2196.00
4000.00,1804.00,3709.00,2196.00,-1898463.00,2196.00
4000.00,1803.00,3708.00,2197.00,-1905049.00,2197.00
4000.00,1804.00,3707.00,2196.00,-1911642.00,2196.00
4000.00,1802.00,3706.00,2198.00,-1918226.00,2198.00
4000.00,1802.00,3705.00,2198.00,-1924820.00,2198.00
4000.00,1803.00,3704.00,2197.00,-1931416.00,2197.00
4000.00,1842.00,3703.00,2158.00,-1938085.00,2158.00
4000.00,1801.00,3702.00,2199.00,-1944477.00,2199.00
4000.00,1801.00,3701.00,2199.00,-1951074.00,2199.00
4000.00,1800.00,3700.00,2200.00,-1957669.00,2200.00
4000.00,1842.00,3699.00,2158.00,-1964353.00,2158.00
4000.00,1842.00,3698.00,2158.00,-1970827.00,2158.00
4000.00,1800.00,3697.00,2200.00,-1977217.00,2200.00
4000.00,1803.00,3696.00,2197.00,-1983823.00,2197.00
4000.00,1800.00,3695.00,2200.00,-1990408.00,2200.00
4000.00,1801.00,3694.00,2199.00,-1997010.00,2199.00
4000.00,1800.00,3693.00,2200.00,-2003605.00,2200.00
4000.00,1799.00,3692.00,2201.00,-2010203.00,2201.00
4000.00,1797.00,3691.00,2203.00,-2016802.00,2203.00
4000.00,1838.00,3690.00,2162.00,-2023493.00,2162.00
4000.00,1837.00,3689.00,2163.00,-2029977.00,2163.00
4000.00,1797.00,3688.00,2203.00,-2036386.00,2203.00
4000.00,1795.00,3687.00,2205.00,-2042991.00,2205.00
4000.00,1837.00,3686.00,2163.00,-2049690.00,2163.00
4000.00,1795.00,3685.00,2205.00,-2056095.00,2205.00
4000.00,1798.00,3684.00,2202.00,-2062716.00,2202.00
4000.00,1794.00,3683.00,2206.00,-2069314.00,2206.00
4000.00,1792.00,3682.00,2208.00,-2075928.00,2208.00
4000.00,1793.00,3681.00,2207.00,-2082554.00,2207.00
4000.00,1793.00,3680.00,2207.00,-2089175.00,2207.00
4000.00,1794.00,3679.00,2206.00,-2095798.00,2206.00
4000.00,1833.00,3678.00,2167.00,-2102494.00,2167.00
4000.00,1833.00,3677.00,2167.00,-2108995.00,2167.00
4000.00,1792.00,3676.00,2208.00,-2115414.00,2208.00
4000.00,1832.00,3675.00,2168.00,-2122118.00,2168.00
4000.00,1790.00,3674.00,2210.00,-2128538.00,2210.00
4000.00,1790.00,3673.00,2210.00,-2135168.00,2210.00
4000.00,1830.00,3672.00,2170.00,-2141878.00,2170.00
4000.00,1832.00,3671.00,2168.00,-2148392.00,2168.00
4000.00,1789.00,3670.00,2211.00,-2154810.00,2211.00
4000.00,1790.00,3669.00,2210.00,-2161445.00,2210.00
4000.00,1789.00,3668.00,2211.00,-2168073.00,2211.00
4000.00,1828.00,3667.00,2172.00,-2174784.00,2172.00
4000.00,1830.00,3666.00,2170.00,-2181304.00,2170.00
4000.00,1828.00,3665.00,2172.00,-2187810.00,2172.00
4000.00,1786.00,3664.00,2214.00,-2194242.00,2214.00
4000.00,1785.00,3663.00,2215.00,-2200882.00,2215.00
4000.00,1787.00,3662.00,2213.00,-2207531.00,2213.00
4000.00,1828.00,3661.00,2172.00,-2214252.00,2172.00
4000.00,1824.00,3660.00,2176.00,-2220760.00,2176.00
4000.00,1827.00,3659.00,2173.00,-2227294.00,2173.00
4000.00,1824.00,3658.00,2176.00,-2233807.00,2176.00
4000.00,1784.00,3657.00,2216.00,-2240255.00,2216.00
4000.00,1784.00,3656.00,2216.00,-2246903.00,2216.00
4000.00,1787.00,3655.00,2213.00,-2253557.00,2213.00
4000.00,1826.00,3654.00,2174.00,-2260274.00,2174.00
4000.00,1823.00,3653.00,2177.00,-2266790.00,2177.00
4000.00,1823.00,3652.00,2177.00,-2273321.00,2177.00
4000.00,1825.00,3651.00,2175.00,-2279856.00,2175.00
4000.00,1781.00,3650.00,2219.00,-2286293.00,2219.00
4000.00,1822.00,3649.00,2178.00,-2293032.00,2178.00
4000.00,1823.00,3648.00,2177.00,-2299568.00,2177.00
4000.00,1820.00,3647.00,2180.00,-2306093.00,2180.00
4000.00,1782.00,3646.00,2218.00,-2312557.00,2218.00
4000.00,1782.00,3645.00,2218.00,-2319211.00,2218.00
4000.00,1820.00,3644.00,2180.00,-2325941.00,2180.00
4000.00,1776.00,3643.00,2224.00,-2332393.00,2224.00
4000.00,1820.00,3642.00,2180.00,-2339153.00,2180.00
4000.00,1820.00,3641.00,2180.00,-2345693.00,2180.00
4000.00,1820.00,3640.00,2180.00,-2352233.00,2180.00
4000.00,1778.00,3639.00,2222.00,-2358689.00,2222.00
4000.00,1777.00,3638.00,2223.00,-2365353.00,2223.00
4000.00,1818.00,3637.00,2182.00,-2372104.00,2182.00
4000.00,1818.00,3636.00,2182.00,-2378650.00,2182.00
4000.00,1816.00,3635.00,2184.00,-2385192.00,2184.00
4000.00,1778.00,3634.00,2222.00,-2391668.00,2222.00
4000.00,1777.00,3633.00,2223.00,-2398332.00,2223.00
4000.00,1819.00,3632.00,2181.00,-2405085.00,2181.00
4000.00,1820.00,3631.00,2180.00,-2411630.00,2180.00
4000.00,1775.00,3630.00,2225.00,-2418080.00,2225.00
4000.00,1817.00,3629.00,2183.00,-2424839.00,2183.00
4000.00,1817.00,3628.00,2183.00,-2431388.00,2183.00
4000.00,1816.00,3627.00,2184.00,-2437935.00,2184.00
4000.00,1787.00,3626.00,2213.00,-2444429.00,2213.00
4000.00,1776.00,3625.00,2224.00,-2451046.00,2224.00
4000.00,1815.00,3624.00,2185.00,-2457796.00,2185.00
4000.00,1816.00,3623.00,2184.00,-2464353.00,2184.00
4000.00,1816.00,3622.00,2184.00,-2470905.00,2184.00
4000.00,1775.00,3621.00,2225.00,-2477375.00,2225.00
4000.00,1813.00,3620.00,2187.00,-2484126.00,2187.00
4000.00,1778.00,3619.00,2222.00,-2490617.00,2222.00
4000.00,1773.00,3618.00,2227.00,-2497273.00,2227.00
4000.00,1813.00,3617.00,2187.00,-2504034.00,2187.00
4000.00,1813.00,3616.00,2187.00,-2510595.00,2187.00
4000.00,1774.00,3615.00,2226.00,-2517078.00,2226.00
4000.00,1779.00,3614.00,2221.00,-2523766.00,2221.00
4000.00,1815.00,3613.00,2185.00,-2530501.00,2185.00
4000.00,1811.00,3612.00,2189.00,-2537048.00,2189.00
4000.00,1814.00,3611.00,2186.00,-2543621.00,2186.00
4000.00,1811.00,3610.00,2189.00,-2550173.00,2189.00
4000.00,1810.00,3609.00,2190.00,-2556738.00,2190.00
4000.00,1813.00,3608.00,2187.00,-2563314.00,2187.00
4000.00,1771.00,3607.00,2229.00,-2569791.00,2229.00
4000.00,1810.00,3606.00,2190.00,-2576556.00,2190.00
4000.00,1807.00,3605.00,2193.00,-2583120.00,2193.00
4000.00,1810.00,3604.00,2190.00,-2589705.00,2190.00
4000.00,1808.00,3603.00,2192.00,-2596271.00,2192.00
4000.00,1813.00,3602.00,2187.00,-2602857.00,2187.00
4000.00,1809.00,3601.00,2191.00,-2609410.00,2191.00
4000.00,1766.00,3600.00,2234.00,-2615897.00,2234.00
4000.00,1806.00,3599.00,2194.00,-2622679.00,2194.00
4000.00,1809.00,3598.00,2191.00,-2629267.00,2191.00
4000.00,1805.00,3597.00,2195.00,-2635832.00,2195.00
4000.00,1806.00,3596.00,2194.00,-2642419.00,2194.00
4000.00,1804.00,3595.00,2196.00,-2648997.00,2196.00
4000.00,1805.00,3594.00,2195.00,-2655587.00,2195.00
4000.00,1808.00,3593.00,2192.00,-2662178.00,2192.00
4000.00,1806.00,3592.00,2194.00,-2668750.00,2194.00
4000.00,1806.00,3591.00,2194.00,-2675332.00,2194.00
4000.00,1765.00,3590.00,2235.00,-2681832.00,2235.00
4000.00,1764.00,3589.00,2236.00,-2688535.00,2236.00
4000.00,1763.00,3588.00,2237.00,-2695241.00,2237.00
4000.00,1807.00,3587.00,2193.00,-2702040.00,2193.00
4000.00,1798.00,3586.00,2202.00,-2708601.00,2202.00
4000.00,1803.00,3585.00,2197.00,-2715217.00,2197.00
4000.00,1795.00,3584.00,2205.00,-2721792.00,2205.00
4000.00,1804.00,3583.00,2196.00,-2728425.00,2196.00
4000.00,1803.00,3582.00,2197.00,-2735011.00,2197.00
4000.00,1805.00,3581.00,2195.00,-2741606.00,2195.00
4000.00,1762.00,3580.00,2238.00,-2748105.00,2238.00
4000.00,1807.00,3579.00,2193.00,-2754909.00,2193.00
4000.00,1802.00,3578.00,2198.00,-2761478.00,2198.00
4000.00,1802.00,3577.00,2198.00,-2768072.00,2198.00
4000.00,1803.00,3576.00,2197.00,-2774668.00,2197.00
4000.00,1762.00,3575.00,2238.00,-2781177.00,2238.00
4000.00,1803.00,3574.00,2197.00,-2787973.00,2197.00
4000.00,1802.00,3573.00,2198.00,-2794562.00,2198.00
4000.00,1803.00,3572.00,2197.00,-2801158.00,2197.00
4000.00,1801.00,3571.00,2199.00,-2807745.00,2199.00
4000.00,1800.00,3570.00,2200.00,-2814340.00,2200.00
4000.00,1800.00,3569.00,2200.00,-2820940.00,2200.00
4000.00,1799.00,3568.00,2201.00,-2827538.00,2201.00
4000.00,1797.00,3567.00,2203.00,-2834137.00,2203.00
4000.00,1763.00,3566.00,2237.00,-2840678.00,2237.00
4000.00,1800.00,3565.00,2200.00,-2847463.00,2200.00
4000.00,1800.00,3564.00,2200.00,-2854063.00,2200.00
4000.00,1796.00,3563.00,2204.00,-2860655.00,2204.00
4000.00,1797.00,3562.00,2203.00,-2867269.00,2203.00
4000.00,1798.00,3561.00,2202.00,-2873880.00,2202.00
4000.00,1798.00,3560.00,2202.00,-2880486.00,2202.00
4000.00,1796.00,3559.00,2204.00,-2887088.00,2204.00
4000.00,1796.00,3558.00,2204.00,-2893700.00,2204.00
4000.00,1797.00,3557.00,2203.00,-2900314.00,2203.00
4000.00,1795.00,3556.00,2205.00,-2906919.00,2205.00
4000.00,1794.00,3555.00,2206.00,-2913532.00,2206.00
4000.00,1797.00,3554.00,2203.00,-2920156.00,2203.00
4000.00,1791.00,3553.00,2209.00,-2926753.00,2209.00
4000.00,1796.00,3552.00,2204.00,-2933390.00,2204.00
4000.00,1797.00,3551.00,2203.00,-2940004.00,2203.00
4000.00,1797.00,3550.00,2203.00,-2946613.00,2203.00
4000.00,1796.00,3549.00,2204.00,-2953220.00,2204.00
4000.00,1798.00,3548.00,2202.00,-2959836.00,2202.00
4000.00,1797.00,3547.00,2203.00,-2966440.00,2203.00
4000.00,1795.00,3546.00,2205.00,-2973045.00,2205.00
4000.00,1794.00,3545.00,2206.00,-2979658.00,2206.00
4000.00,1794.00,3544.00,2206.00,-2986276.00,2206.00
4000.00,1797.00,3543.00,2203.00,-2992900.00,2203.00
